{
    "$schema": "https://schema.management.azure.com/schemas/2015-01-01/deploymentTemplate.json#",
    "contentVersion": "1.0.0.0",
    "parameters": {
        "HanaVersion": {
            "type": "string",
            "metadata": {
                "description": "Version of HANA"
            },
            "defaultValue": "SAP HANA Platform Edition 2.0 SPS02 (51052325)",
            "allowedValues": [
                "SAP HANA PLATFORM EDITION 2.0 SPS01 REV 10 (51052030)",
                "SAP HANA PLATFORM EDITION 2.0 SPS02 (51052325)",
                "SAP HANA PLATFORM EDITION 2.0 SPS03 REV30 (51053061)"
            ]
        },   
        "vmName": {
            "type": "string",
            "metadata": {
                "description": "VM Name"
            }
        },
        "customUri": {
            "type": "string",
            "metadata": {
                "description": "Uri for SAP Bits"
            }
        },
        "HANAsubnetRef": {
            "type": "string",
            "metadata": {
                "description": "The Hana subnet reference ID"
            }
        },
        "OperatingSystem": {
            "type": "string",
            "metadata": {
                "description": "Operating system for HANA Machine"
            },
            "defaultValue": "SLES for SAP 12 SP3",
            "allowedValues": [
                "SLES for SAP 12 SP3",
                "SLES for SAP 12 SP2",
                "RHEL 7.2 for SAP HANA"
            ]
        },
        "vmUserName": {
            "type": "string",
            "metadata": {
                "description": "Username for the Virtual Machine"
            },
            "defaultValue": "testuser"
        },
        "vmPassword": {
            "type": "securestring",
            "metadata": {
                "description": "Password for the Virtual Machine"
            },
            "defaultValue": "Hana07061992!"
        },
        "hanaSid": {
            "type": "string",
            "metadata": {
                "description": "SAP HANA System ID"
            },
            "defaultValue": "H10"
        },
        "hanaNumber": {
            "type": "string",
            "metadata": {
                "description": "SAP HANA Instance Number"
            },
            "defaultValue": "00"
        },
        "vmSize": {
            "type": "string",
            "metadata": {
                "description": "Size of VM to deploy"
            }
        },
        "IPAllocationMethod": {
            "type": "string",
            "allowedValues": [
                "Dynamic",
                "Static"
            ],
            "metadata": {
                "description": "IP Allocation Method"
            }
        },
        "StaticIP": {
            "type": "string",
            "metadata": {
                "description": "IP Address for the HANA VM when Static IP Allocation Method has been selected"
            },
            "defaultValue": "10.0.5.4"
        },
        "AvailSetName": {
            "type": "string",
            "metadata": {
              "description": "This is the name of the availability set to deploy the machine in"
            },
            "defaultValue": ""
          },            
        "SubscriptionEmail": {
            "type": "string",
            "metadata": {
                "description": "OS Subscription Email for BYOS, blank for PAYG"
            },
            "defaultValue": ""
        },
        "SubscriptionID": {
            "type": "string",
            "metadata": {
                "description": "OS Subscription ID for BYOS, blank for PAYG"
            },
            "defaultValue": ""
        },
        "SMTUri": {
            "type": "string",
            "metadata": {
                "description": "SMT Uri, blank for none"
            },
            "DefaultValue": ""
        }
    },
    "variables": {
        "api-version": "2017-06-01",
        "api-version-vm": "2017-12-01",
        "vmPassword": "HANA07061992!",
        "mode": "Push",
        "baseUri": "https://raw.githubusercontent.com/AzureCAT-GSI/SAP-HANA-ARM/master/",
        "nicName": "[if(equals(parameters('IPAllocationMethod'),'Static'),concat(parameters('vmName'),'-static'),concat(parameters('vmName'),'-dynamic'))]",
        "subnetRef": "[parameters('HANAsubnetRef')]",
        "OperatingSystemSpec": {
            "imagePublisher": "[if (contains(parameters('OperatingSystem'),'SLES'),'SUSE','RedHat')]",
            "imageOffer": "[if (contains(parameters('OperatingSystem'),'SLES'),if (contains(parameters('SubscriptionEmail'),'@'),'SLES-SAP-BYOS','SLES-SAP'),'RHEL-SAP-HANA')]",
            "sku": "[if (contains(parameters('OperatingSystem'),'12 SP3'),'12-SP3',if (contains(parameters('OperatingSystem'),'12 SP2'),'12-SP2','7.2'))]"
        },
        "diskConfig": "[variables(concat('diskConfig_', parameters('vmSize')))]",
        "diskConfig_Standard_M128ms": {
            "shared": 1023,
            "sap": 63,
            "backup1": 2047,
            "backup2": 2047,
            "data1": 1023,
            "data2": 1023,
            "data3": 1023,
            "data4": 1023,
            "data5": 1023,
            "log1": 511,
            "log2": 511
        }
    },
    "resources": [
        {
            "condition": "[equals(parameters('IPAllocationMethod'), 'Dynamic')]",
            "apiVersion": "[variables('api-version')]",
            "type": "Microsoft.Network/networkInterfaces",
            "name": "[concat(parameters('vmName'),'-dynamic')]",
            "location": "[resourceGroup().location]",
            "properties": {
                "enableAcceleratedNetworking": true,
                "ipConfigurations": [
                    {
                        "name": "ipconfig1",
                        "properties": {
                            "privateIPAllocationMethod": "Dynamic",
                            "subnet": {
                                "id": "[variables('subnetRef')]"
                            }
                        }
                    }
                ]
            }
        },
        {
            "condition": "[equals(parameters('IPAllocationMethod'), 'Static')]",
            "apiVersion": "[variables('api-version')]",
            "type": "Microsoft.Network/networkInterfaces",
            "name": "[concat(parameters('vmName'),'-static')]",
            "location": "[resourceGroup().location]",
            "properties": {
                "enableAcceleratedNetworking": true,
                "ipConfigurations": [
                    {
                        "name": "ipconfig1",
                        "properties": {
                            "privateIPAllocationMethod": "Static",
                            "privateIPAddress": "[parameters('StaticIP')]",
                            "subnet": {
                                "id": "[variables('subnetRef')]"
                            }
                        }
                    }
                ]
            }
        },
        {
            "type": "Microsoft.Compute/disks",
            "name": "[concat(parameters('vmName'),'-shared')]",
            "apiVersion": "2018-04-01",
            "location": "[resourceGroup().location]",
            "sku": {
                "name": "Standard_LRS",
                "tier": "Standard"
            },
            "properties": {
                "creationData": {
                    "createOption": "Empty"
                },
                "diskSizeGB": "[variables('diskConfig').shared]"
            }
        },
        {
            "type": "Microsoft.Compute/disks",
            "name": "[concat(parameters('vmName'),'-sap')]",
            "apiVersion": "2018-04-01",
            "location": "[resourceGroup().location]",
            "sku": {
                "name": "Standard_LRS",
                "tier": "Standard"
            },
            "properties": {
                "creationData": {
                    "createOption": "Empty"
                },
                "diskSizeGB": "[variables('diskConfig').sap]"
            }
        },
        {
            "type": "Microsoft.Compute/disks",
            "name": "[concat(parameters('vmName'),'-backup1')]",
            "apiVersion": "2018-04-01",
            "location": "[resourceGroup().location]",
            "sku": {
                "name": "Standard_LRS",
                "tier": "Standard"
            },
            "properties": {
                "creationData": {
                    "createOption": "Empty"
                },
                "diskSizeGB": "[variables('diskConfig').backup1]"
            }
        },
        {
            "type": "Microsoft.Compute/disks",
            "name": "[concat(parameters('vmName'),'-backup2')]",
            "apiVersion": "2018-04-01",
            "location": "[resourceGroup().location]",
            "sku": {
                "name": "Standard_LRS",
                "tier": "Standard"
            },
            "properties": {
                "creationData": {
                    "createOption": "Empty"
                },
                "diskSizeGB": "[variables('diskConfig').backup2]"
            }
        },
        {
            "type": "Microsoft.Compute/disks",
            "name": "[concat(parameters('vmName'),'-data1')]",
            "apiVersion": "2018-04-01",
            "location": "[resourceGroup().location]",
            "sku": {
                "name": "Premium_LRS",
                "tier": "Premium"
            },
            "properties": {
                "creationData": {
                    "createOption": "Empty"
                },
                "diskSizeGB": "[variables('diskConfig').data1]"
            }
        },
        {
            "type": "Microsoft.Compute/disks",
            "name": "[concat(parameters('vmName'),'-data2')]",
            "apiVersion": "2018-04-01",
            "location": "[resourceGroup().location]",
            "sku": {
                "name": "Premium_LRS",
                "tier": "Premium"
            },
            "properties": {
                "creationData": {
                    "createOption": "Empty"
                },
                "diskSizeGB": "[variables('diskConfig').data2]"
            }
        },
        {
            "type": "Microsoft.Compute/disks",
            "name": "[concat(parameters('vmName'),'-data3')]",
            "apiVersion": "2018-04-01",
            "location": "[resourceGroup().location]",
            "sku": {
                "name": "Premium_LRS",
                "tier": "Premium"
            },
            "properties": {
                "creationData": {
                    "createOption": "Empty"
                },
                "diskSizeGB": "[variables('diskConfig').data3]"
            }
        },
        {
            "type": "Microsoft.Compute/disks",
            "name": "[concat(parameters('vmName'),'-data4')]",
            "apiVersion": "2018-04-01",
            "location": "[resourceGroup().location]",
            "sku": {
                "name": "Premium_LRS",
                "tier": "Premium"
            },
            "properties": {
                "creationData": {
                    "createOption": "Empty"
                },
                "diskSizeGB": "[variables('diskConfig').data4]"
            }
        },
        {
            "type": "Microsoft.Compute/disks",
            "name": "[concat(parameters('vmName'),'-data5')]",
            "apiVersion": "2018-04-01",
            "location": "[resourceGroup().location]",
            "sku": {
                "name": "Premium_LRS",
                "tier": "Premium"
            },
            "properties": {
                "creationData": {
                    "createOption": "Empty"
                },
                "diskSizeGB": "[variables('diskConfig').data5]"
            }
        },
        {
            "type": "Microsoft.Compute/disks",
            "name": "[concat(parameters('vmName'),'-log1')]",
            "apiVersion": "2018-04-01",
            "location": "[resourceGroup().location]",
            "sku": {
                "name": "Premium_LRS",
                "tier": "Premium"
            },
            "properties": {
                "creationData": {
                    "createOption": "Empty"
                },
                "diskSizeGB": "[variables('diskConfig').log1]"
            }
        },
        {
            "type": "Microsoft.Compute/disks",
            "name": "[concat(parameters('vmName'),'-log2')]",
            "apiVersion": "2018-04-01",
            "location": "[resourceGroup().location]",
            "sku": {
                "name": "Premium_LRS",
                "tier": "Premium"
            },
            "properties": {
                "creationData": {
                    "createOption": "Empty"
                },
                "diskSizeGB": "[variables('diskConfig').log2]"
            }
        },
        {
            "type": "Microsoft.Compute/availabilitySets",
            "name": "[parameters('AvailSetName')]",
            "apiVersion": "2017-03-30",
            "location": "[resourceGroup().location]",
            "sku": {
                "name": "Aligned"
            },
            "properties": {
                "platformFaultDomainCount": 2,
                "platformUpdateDomainCount": 5
            }
        },
        {
            "apiVersion": "[variables('api-version-vm')]",
            "type": "Microsoft.Compute/virtualMachines",
            "name": "[parameters('vmName')]",
            "location": "[resourceGroup().location]",
            "dependsOn": [
                "[resourceId('Microsoft.Network/networkInterfaces',variables('nicName'))]",
                "[resourceId('Microsoft.Compute/disks/', concat(parameters('vmName'),'-shared'))]",
                "[resourceId('Microsoft.Compute/disks/', concat(parameters('vmName'),'-sap'))]",
                "[resourceId('Microsoft.Compute/disks/', concat(parameters('vmName'),'-backup1'))]",
                "[resourceId('Microsoft.Compute/disks/', concat(parameters('vmName'),'-backup2'))]",
                "[resourceId('Microsoft.Compute/disks/', concat(parameters('vmName'),'-data1'))]",
                "[resourceId('Microsoft.Compute/disks/', concat(parameters('vmName'),'-data2'))]",
                "[resourceId('Microsoft.Compute/disks/', concat(parameters('vmName'),'-data3'))]",
                "[resourceId('Microsoft.Compute/disks/', concat(parameters('vmName'),'-data4'))]",
                "[resourceId('Microsoft.Compute/disks/', concat(parameters('vmName'),'-data5'))]",
                "[resourceId('Microsoft.Compute/disks/', concat(parameters('vmName'),'-log1'))]",
                "[resourceId('Microsoft.Compute/disks/', concat(parameters('vmName'),'-log2'))]",
                "[resourceId('Microsoft.Compute/availabilitySets', parameters('AvailSetName'))]"
            ],
            "properties": {
                "availabilitySet": {
                    "id": "[resourceId('Microsoft.Compute/availabilitySets', parameters('AvailSetName'))]"
                  },                
                "hardwareProfile": {
                    "vmSize": "[parameters('vmSize')]"
                },
                "osProfile": {
                    "computerName": "[parameters('vmName')]",
                    "adminUsername": "[parameters('vmUserName')]",
                    "adminPassword": "[parameters('vmPassword')]"
                },
                "storageProfile": {
                    "imageReference": {
                        "publisher": "[variables('OperatingSystemSpec').imagePublisher]",
                        "offer": "[variables('OperatingSystemSpec').imageOffer]",
                        "sku": "[variables('OperatingSystemSpec').sku]",
                        "version": "latest"
                    },
                    "osDisk": {
                        "createOption": "FromImage"
                    },
                    "dataDisks": [
                        {
                            "lun": 0,
                            "createOption": "Attach",
                            "caching": "None",
                            "managedDisk": {
                                "id": "[resourceId('Microsoft.Compute/disks/', concat(parameters('vmName'),'-shared'))]"
                            }
                        },
                        {
                            "lun": 1,
                            "createOption": "Attach",
                            "caching": "None",
                            "managedDisk": {
                                "id": "[resourceId('Microsoft.Compute/disks/', concat(parameters('vmName'),'-sap'))]"
                            }
                        },
                        {
                            "lun": 2,
                            "createOption": "Attach",
                            "caching": "None",
                            "managedDisk": {
                                "id": "[resourceId('Microsoft.Compute/disks/', concat(parameters('vmName'),'-backup1'))]"
                            }
                        },
                        {
                            "lun": 3,
                            "createOption": "Attach",
                            "caching": "None",
                            "managedDisk": {
                                "id": "[resourceId('Microsoft.Compute/disks/', concat(parameters('vmName'),'-backup2'))]"
                            }
                        },
                        {
                            "lun": 4,
                            "createOption": "Attach",
                            "caching": "None",
                            "managedDisk": {
                                "id": "[resourceId('Microsoft.Compute/disks/', concat(parameters('vmName'),'-data1'))]"
                            }
                        },
                        {
                            "lun": 5,
                            "createOption": "Attach",
                            "caching": "None",
                            "managedDisk": {
                                "id": "[resourceId('Microsoft.Compute/disks/', concat(parameters('vmName'),'-data2'))]"
                            }
                        },
                        {
                            "lun": 6,
                            "createOption": "Attach",
                            "caching": "None",
                            "managedDisk": {
                                "id": "[resourceId('Microsoft.Compute/disks/', concat(parameters('vmName'),'-data3'))]"
                            }
                        },
                        {
                            "lun": 7,
                            "createOption": "Attach",
                            "caching": "None",
                            "managedDisk": {
                                "id": "[resourceId('Microsoft.Compute/disks/', concat(parameters('vmName'),'-data4'))]"
                            }
                        },
                        {
                            "lun": 8,
                            "createOption": "Attach",
                            "caching": "None",
                            "managedDisk": {
                                "id": "[resourceId('Microsoft.Compute/disks/', concat(parameters('vmName'),'-data5'))]"
                            }
                        },
                        {
                            "lun": 9,
                            "createOption": "Attach",
                            "caching": "None",
                            "writeAcceleratorEnabled": "true",
                            "managedDisk": {
                                "id": "[resourceId('Microsoft.Compute/disks/', concat(parameters('vmName'),'-log1'))]"
                            }
                        },
                        {
                            "lun": 10,
                            "createOption": "Attach",
                            "caching": "None",
                            "writeAcceleratorEnabled": "true",
                            "managedDisk": {
                                "id": "[resourceId('Microsoft.Compute/disks/', concat(parameters('vmName'),'-log2'))]"
                            }
                        }
                    ]
                },
                "networkProfile": {
                    "networkInterfaces": [
                        {
                            "id": "[resourceId('Microsoft.Network/networkInterfaces',variables('nicName'))]"
                        }
                    ]
                }
            },
            "resources": [
                {
                    "name": "scriptextension",
                    "type": "extensions",
                    "location": "[resourceGroup().location]",
                    "apiVersion": "[variables('api-version-vm')]",
                    "dependsOn": [
                        "[concat('Microsoft.Compute/virtualMachines/', parameters('vmName'))]"
                    ],
                    "properties": {
                        "publisher": "Microsoft.Azure.Extensions",
                        "type": "CustomScript",
                        "typeHandlerVersion": "2.0",
                        "autoUpgradeMinorVersion": true,
                        "settings": {
                            "fileUris": [
                                "[concat(variables('baseUri'),'scripts/allvmsizes.sh')]"
                            ],
                            "commandToExecute": "[concat('sh allvmsizes.sh \"', parameters('customUri'), '\" \"' , parameters('HanaVersion'),'\" \"' , parameters('vmUserName'), '\" \"', parameters('vmPassword'),'\" \"', parameters('HANASID'), '\" \"', parameters('HANANUMBER'), '\" \"', parameters('vmSize'), '\" \"', parameters('SubscriptionEmail'), '\" \"', parameters('SubscriptionID'),'\" \"', parameters('SMTUri'),'\"')]"
                        }
                    }
                }
            ]
        }
    ],
    "outputs": {}
}